return_id,product_id,return_text,customer_action,predicted_label,confidence,priority,evidence,true_root_cause,assigned_worker
R0001,P011,"thread coming loose, poor stitching",refund,QUALITY_DEFECT,0.9,HIGH,return text contains 'stitching'; inspection notes confirm: 'manufacturing defect',QUALITY_DEFECT,worker_A
R0005,P007,"material feels cheap, not like the listing said",refund,MATERIAL_MISMATCH,0.9,HIGH,return text contains 'material'; inspection notes confirm: 'fabric composition does not match',MATERIAL_MISMATCH,worker_B
R0007,P009,specifications in listing are incorrect,refund,DESCRIPTION_INACCURATE,0.9,HIGH,return text contains 'specification'; inspection notes confirm: 'listed specification not present',DESCRIPTION_INACCURATE,worker_C
R0008,P009,product description does not match what i received,store_credit,DESCRIPTION_INACCURATE,0.9,HIGH,return text contains 'description'; inspection notes confirm: 'listed specification not present',DESCRIPTION_INACCURATE,worker_A
R0009,P011,"damaged item, stitching quality is bad",store_credit,QUALITY_DEFECT,0.9,HIGH,return text contains 'damaged'; inspection notes confirm: 'manufacturing defect',QUALITY_DEFECT,worker_B
R0010,P007,"material feels cheap, not like the listing said",exchange,MATERIAL_MISMATCH,0.9,HIGH,return text contains 'material'; inspection notes confirm: 'fabric composition does not match',MATERIAL_MISMATCH,worker_C
R0012,P003,runs very small compared to chart shown,exchange,SIZE_CHART_ERROR,0.8,HIGH,product's size_chart_accurate = False; inspection notes confirm: 'dimensions smaller than size chart',SIZE_CHART_ERROR,worker_A
R0013,P005,looks completely different from the photo,refund,PHOTO_MISLEADING,1.0,HIGH,return text contains 'photo'; listing's photo_accurate = False; inspection notes confirm: 'color/pattern differs from listing photo',PHOTO_MISLEADING,worker_B
R0015,P007,"material feels cheap, not like the listing said",exchange,MATERIAL_MISMATCH,0.9,HIGH,return text contains 'material'; inspection notes confirm: 'fabric composition does not match',MATERIAL_MISMATCH,worker_C
R0019,P009,listing said memory foam sole but its hard rubber,store_credit,DESCRIPTION_INACCURATE,0.9,HIGH,return text contains 'listing said'; inspection notes confirm: 'listed specification not present',DESCRIPTION_INACCURATE,worker_A
R0022,P011,"thread coming loose, poor stitching",exchange,QUALITY_DEFECT,0.9,HIGH,return text contains 'stitching'; inspection notes confirm: 'manufacturing defect',QUALITY_DEFECT,worker_B
R0024,P007,fabric is not genuine leather as advertised,exchange,MATERIAL_MISMATCH,0.9,HIGH,return text contains 'fabric'; inspection notes confirm: 'fabric composition does not match',MATERIAL_MISMATCH,worker_C
R0025,P011,"defective piece, has a tear near the seam",refund,QUALITY_DEFECT,0.9,HIGH,return text contains 'defect'; inspection notes confirm: 'manufacturing defect',QUALITY_DEFECT,worker_A
R0027,P011,"defective piece, has a tear near the seam",store_credit,QUALITY_DEFECT,0.9,HIGH,return text contains 'defect'; inspection notes confirm: 'manufacturing defect',QUALITY_DEFECT,worker_B
R0028,P011,"damaged item, stitching quality is bad",refund,QUALITY_DEFECT,0.9,HIGH,return text contains 'damaged'; inspection notes confirm: 'manufacturing defect',QUALITY_DEFECT,worker_C
R0032,P011,"damaged item, stitching quality is bad",store_credit,QUALITY_DEFECT,0.9,HIGH,return text contains 'damaged'; inspection notes confirm: 'manufacturing defect',QUALITY_DEFECT,worker_A
R0035,P007,fabric is not genuine leather as advertised,refund,MATERIAL_MISMATCH,0.9,HIGH,return text contains 'fabric'; inspection notes confirm: 'fabric composition does not match',MATERIAL_MISMATCH,worker_B
R0037,P011,"defective piece, has a tear near the seam",exchange,QUALITY_DEFECT,0.9,HIGH,return text contains 'defect'; inspection notes confirm: 'manufacturing defect',QUALITY_DEFECT,worker_C
R0038,P011,"defective piece, has a tear near the seam",refund,QUALITY_DEFECT,0.9,HIGH,return text contains 'defect'; inspection notes confirm: 'manufacturing defect',QUALITY_DEFECT,worker_A
R0039,P005,looks completely different from the photo,refund,PHOTO_MISLEADING,1.0,HIGH,return text contains 'photo'; listing's photo_accurate = False; inspection notes confirm: 'color/pattern differs from listing photo',PHOTO_MISLEADING,worker_B
R0042,P007,fabric is not genuine leather as advertised,refund,MATERIAL_MISMATCH,0.9,HIGH,return text contains 'fabric'; inspection notes confirm: 'fabric composition does not match',MATERIAL_MISMATCH,worker_C
R0043,P003,runs very small compared to chart shown,refund,SIZE_CHART_ERROR,0.8,HIGH,product's size_chart_accurate = False; inspection notes confirm: 'dimensions smaller than size chart',SIZE_CHART_ERROR,worker_A
R0044,P001,ordered M as per size chart but it fits like S,refund,SIZE_CHART_ERROR,1.0,HIGH,return text contains 'size chart'; product's size_chart_accurate = False; inspection notes confirm: 'dimensions smaller than size chart',SIZE_CHART_ERROR,worker_B
R0045,P011,"thread coming loose, poor stitching",store_credit,QUALITY_DEFECT,0.9,HIGH,return text contains 'stitching'; inspection notes confirm: 'manufacturing defect',QUALITY_DEFECT,worker_C
R0046,P007,material quality does not match description,refund,MATERIAL_MISMATCH,0.9,HIGH,return text contains 'material'; inspection notes confirm: 'fabric composition does not match',MATERIAL_MISMATCH,worker_A
R0047,P007,fabric is not genuine leather as advertised,store_credit,MATERIAL_MISMATCH,0.9,HIGH,return text contains 'fabric'; inspection notes confirm: 'fabric composition does not match',MATERIAL_MISMATCH,worker_B
R0049,P001,ordered M as per size chart but it fits like S,store_credit,SIZE_CHART_ERROR,1.0,HIGH,return text contains 'size chart'; product's size_chart_accurate = False; inspection notes confirm: 'dimensions smaller than size chart',SIZE_CHART_ERROR,worker_C
R0050,P009,listing said memory foam sole but its hard rubber,store_credit,DESCRIPTION_INACCURATE,0.9,HIGH,return text contains 'listing said'; inspection notes confirm: 'listed specification not present',DESCRIPTION_INACCURATE,worker_A
R0052,P007,"material feels cheap, not like the listing said",exchange,MATERIAL_MISMATCH,0.9,HIGH,return text contains 'material'; inspection notes confirm: 'fabric composition does not match',MATERIAL_MISMATCH,worker_B
R0053,P001,followed the size guide and it still didn't fit,store_credit,SIZE_CHART_ERROR,1.0,HIGH,return text contains 'size guide'; product's size_chart_accurate = False; inspection notes confirm: 'dimensions smaller than size chart',SIZE_CHART_ERROR,worker_C
R0054,P003,ordered M as per size chart but it fits like S,store_credit,SIZE_CHART_ERROR,1.0,HIGH,return text contains 'size chart'; product's size_chart_accurate = False; inspection notes confirm: 'dimensions smaller than size chart',SIZE_CHART_ERROR,worker_A
R0055,P005,photo showed a different length than what i received,store_credit,PHOTO_MISLEADING,1.0,HIGH,return text contains 'photo'; listing's photo_accurate = False; inspection notes confirm: 'color/pattern differs from listing photo',PHOTO_MISLEADING,worker_B
R0058,P009,product description does not match what i received,store_credit,DESCRIPTION_INACCURATE,0.9,HIGH,return text contains 'description'; inspection notes confirm: 'listed specification not present',DESCRIPTION_INACCURATE,worker_C
R0064,P009,product description does not match what i received,refund,DESCRIPTION_INACCURATE,0.9,HIGH,return text contains 'description'; inspection notes confirm: 'listed specification not present',DESCRIPTION_INACCURATE,worker_A
R0065,P011,"defective piece, has a tear near the seam",store_credit,QUALITY_DEFECT,0.9,HIGH,return text contains 'defect'; inspection notes confirm: 'manufacturing defect',QUALITY_DEFECT,worker_B
R0066,P003,followed the size guide and it still didn't fit,store_credit,SIZE_CHART_ERROR,1.0,HIGH,return text contains 'size guide'; product's size_chart_accurate = False; inspection notes confirm: 'dimensions smaller than size chart',SIZE_CHART_ERROR,worker_C
R0068,P009,specifications in listing are incorrect,store_credit,DESCRIPTION_INACCURATE,0.9,HIGH,return text contains 'specification'; inspection notes confirm: 'listed specification not present',DESCRIPTION_INACCURATE,worker_A
R0070,P011,"damaged item, stitching quality is bad",exchange,QUALITY_DEFECT,0.9,HIGH,return text contains 'damaged'; inspection notes confirm: 'manufacturing defect',QUALITY_DEFECT,worker_B
R0074,P009,product description does not match what i received,store_credit,DESCRIPTION_INACCURATE,0.9,HIGH,return text contains 'description'; inspection notes confirm: 'listed specification not present',DESCRIPTION_INACCURATE,worker_C
R0079,P011,"defective piece, has a tear near the seam",refund,QUALITY_DEFECT,0.9,HIGH,return text contains 'defect'; inspection notes confirm: 'manufacturing defect',QUALITY_DEFECT,worker_A
R0080,P009,product description does not match what i received,store_credit,DESCRIPTION_INACCURATE,0.9,HIGH,return text contains 'description'; inspection notes confirm: 'listed specification not present',DESCRIPTION_INACCURATE,worker_B
R0084,P007,fabric is not genuine leather as advertised,exchange,MATERIAL_MISMATCH,0.9,HIGH,return text contains 'fabric'; inspection notes confirm: 'fabric composition does not match',MATERIAL_MISMATCH,worker_C
R0085,P007,fabric is not genuine leather as advertised,store_credit,MATERIAL_MISMATCH,0.9,HIGH,return text contains 'fabric'; inspection notes confirm: 'fabric composition does not match',MATERIAL_MISMATCH,worker_A
R0086,P001,ordered M as per size chart but it fits like S,refund,SIZE_CHART_ERROR,1.0,HIGH,return text contains 'size chart'; product's size_chart_accurate = False; inspection notes confirm: 'dimensions smaller than size chart',SIZE_CHART_ERROR,worker_B
R0087,P007,material quality does not match description,exchange,MATERIAL_MISMATCH,0.9,HIGH,return text contains 'material'; inspection notes confirm: 'fabric composition does not match',MATERIAL_MISMATCH,worker_C
R0090,P007,"material feels cheap, not like the listing said",exchange,MATERIAL_MISMATCH,0.9,HIGH,return text contains 'material'; inspection notes confirm: 'fabric composition does not match',MATERIAL_MISMATCH,worker_A
R0093,P011,"damaged item, stitching quality is bad",refund,QUALITY_DEFECT,0.9,HIGH,return text contains 'damaged'; inspection notes confirm: 'manufacturing defect',QUALITY_DEFECT,worker_B
R0095,P007,fabric is not genuine leather as advertised,exchange,MATERIAL_MISMATCH,0.9,HIGH,return text contains 'fabric'; inspection notes confirm: 'fabric composition does not match',MATERIAL_MISMATCH,worker_C
R0097,P003,runs very small compared to chart shown,refund,SIZE_CHART_ERROR,0.8,HIGH,product's size_chart_accurate = False; inspection notes confirm: 'dimensions smaller than size chart',SIZE_CHART_ERROR,worker_A
R0098,P007,fabric is not genuine leather as advertised,exchange,MATERIAL_MISMATCH,0.9,HIGH,return text contains 'fabric'; inspection notes confirm: 'fabric composition does not match',MATERIAL_MISMATCH,worker_B
R0099,P005,color and fit shown in picture is misleading,store_credit,PHOTO_MISLEADING,1.0,HIGH,return text contains 'picture'; listing's photo_accurate = False; inspection notes confirm: 'color/pattern differs from listing photo',PHOTO_MISLEADING,worker_C
R0102,P001,ordered M as per size chart but it fits like S,store_credit,SIZE_CHART_ERROR,1.0,HIGH,return text contains 'size chart'; product's size_chart_accurate = False; inspection notes confirm: 'dimensions smaller than size chart',SIZE_CHART_ERROR,worker_A
R0105,P009,product description does not match what i received,refund,DESCRIPTION_INACCURATE,0.9,HIGH,return text contains 'description'; inspection notes confirm: 'listed specification not present',DESCRIPTION_INACCURATE,worker_B
R0106,P009,product description does not match what i received,refund,DESCRIPTION_INACCURATE,0.9,HIGH,return text contains 'description'; inspection notes confirm: 'listed specification not present',DESCRIPTION_INACCURATE,worker_C
R0114,P005,color and fit shown in picture is misleading,refund,PHOTO_MISLEADING,1.0,HIGH,return text contains 'picture'; listing's photo_accurate = False; inspection notes confirm: 'color/pattern differs from listing photo',PHOTO_MISLEADING,worker_A
R0115,P011,"damaged item, stitching quality is bad",exchange,QUALITY_DEFECT,0.9,HIGH,return text contains 'damaged'; inspection notes confirm: 'manufacturing defect',QUALITY_DEFECT,worker_B
R0117,P001,runs very small compared to chart shown,store_credit,SIZE_CHART_ERROR,0.8,HIGH,product's size_chart_accurate = False; inspection notes confirm: 'dimensions smaller than size chart',SIZE_CHART_ERROR,worker_C
R0119,P009,product description does not match what i received,store_credit,DESCRIPTION_INACCURATE,0.9,HIGH,return text contains 'description'; inspection notes confirm: 'listed specification not present',DESCRIPTION_INACCURATE,worker_A
R0120,P005,looks completely different from the photo,exchange,PHOTO_MISLEADING,1.0,HIGH,return text contains 'photo'; listing's photo_accurate = False; inspection notes confirm: 'color/pattern differs from listing photo',PHOTO_MISLEADING,worker_B
R0122,P005,looks completely different from the photo,exchange,PHOTO_MISLEADING,1.0,HIGH,return text contains 'photo'; listing's photo_accurate = False; inspection notes confirm: 'color/pattern differs from listing photo',PHOTO_MISLEADING,worker_C
R0123,P009,specifications in listing are incorrect,exchange,DESCRIPTION_INACCURATE,0.9,HIGH,return text contains 'specification'; inspection notes confirm: 'listed specification not present',DESCRIPTION_INACCURATE,worker_A
R0125,P009,listing said memory foam sole but its hard rubber,store_credit,DESCRIPTION_INACCURATE,0.9,HIGH,return text contains 'listing said'; inspection notes confirm: 'listed specification not present',DESCRIPTION_INACCURATE,worker_B
R0128,P009,product description does not match what i received,exchange,DESCRIPTION_INACCURATE,0.9,HIGH,return text contains 'description'; inspection notes confirm: 'listed specification not present',DESCRIPTION_INACCURATE,worker_C
R0129,P005,photo showed a different length than what i received,refund,PHOTO_MISLEADING,1.0,HIGH,return text contains 'photo'; listing's photo_accurate = False; inspection notes confirm: 'color/pattern differs from listing photo',PHOTO_MISLEADING,worker_A
R0131,P011,"damaged item, stitching quality is bad",exchange,QUALITY_DEFECT,0.9,HIGH,return text contains 'damaged'; inspection notes confirm: 'manufacturing defect',QUALITY_DEFECT,worker_B
R0132,P009,listing said memory foam sole but its hard rubber,exchange,DESCRIPTION_INACCURATE,0.9,HIGH,return text contains 'listing said'; inspection notes confirm: 'listed specification not present',DESCRIPTION_INACCURATE,worker_C
R0133,P001,ordered M as per size chart but it fits like S,store_credit,SIZE_CHART_ERROR,1.0,HIGH,return text contains 'size chart'; product's size_chart_accurate = False; inspection notes confirm: 'dimensions smaller than size chart',SIZE_CHART_ERROR,worker_A
R0134,P007,fabric is not genuine leather as advertised,refund,MATERIAL_MISMATCH,0.9,HIGH,return text contains 'fabric'; inspection notes confirm: 'fabric composition does not match',MATERIAL_MISMATCH,worker_B
R0135,P001,followed the size guide and it still didn't fit,refund,SIZE_CHART_ERROR,1.0,HIGH,return text contains 'size guide'; product's size_chart_accurate = False; inspection notes confirm: 'dimensions smaller than size chart',SIZE_CHART_ERROR,worker_C
R0136,P011,"defective piece, has a tear near the seam",refund,QUALITY_DEFECT,0.9,HIGH,return text contains 'defect'; inspection notes confirm: 'manufacturing defect',QUALITY_DEFECT,worker_A
R0139,P001,ordered M as per size chart but it fits like S,refund,SIZE_CHART_ERROR,1.0,HIGH,return text contains 'size chart'; product's size_chart_accurate = False; inspection notes confirm: 'dimensions smaller than size chart',SIZE_CHART_ERROR,worker_B
R0141,P001,followed the size guide and it still didn't fit,store_credit,SIZE_CHART_ERROR,1.0,HIGH,return text contains 'size guide'; product's size_chart_accurate = False; inspection notes confirm: 'dimensions smaller than size chart',SIZE_CHART_ERROR,worker_C
R0142,P009,product description does not match what i received,exchange,DESCRIPTION_INACCURATE,0.9,HIGH,return text contains 'description'; inspection notes confirm: 'listed specification not present',DESCRIPTION_INACCURATE,worker_A
R0143,P003,ordered M as per size chart but it fits like S,exchange,SIZE_CHART_ERROR,1.0,HIGH,return text contains 'size chart'; product's size_chart_accurate = False; inspection notes confirm: 'dimensions smaller than size chart',SIZE_CHART_ERROR,worker_B
R0147,P007,material quality does not match description,store_credit,MATERIAL_MISMATCH,0.9,HIGH,return text contains 'material'; inspection notes confirm: 'fabric composition does not match',MATERIAL_MISMATCH,worker_C
